{
	"credit": "Made by TheWaschtlPlays using Blockbench",
	"textures": {
		"5": "custom_textures/blast_furnace_fire"
	},
	"elements": [
		{
			"from": [5, 5, 0.75],
			"to": [11, 9, 0.75],
			"rotation": {"angle": 0, "axis": "y", "origin": [8, 8, 7.75]},
			"faces": {
				"north": {"uv": [0, 0, 5, 4], "texture": "#5", "cullface": "north"}
			}
		}
	],
	"display": {
		"thirdperson_righthand": {
			"rotation": [75, 45, 0],
			"translation": [0, 2.5, 0],
			"scale": [0.375, 0.375, 0.375]
		},
		"firstperson_righthand": {
			"rotation": [0, 45, 0],
			"scale": [0.4, 0.4, 0.4]
		},
		"firstperson_lefthand": {
			"rotation": [0, 225, 0],
			"scale": [0.4, 0.4, 0.4]
		},
		"ground": {
			"translation": [0, 3, 0],
			"scale": [0.25, 0.25, 0.25]
		},
		"gui": {
			"rotation": [30, 225, 0],
			"scale": [0.625, 0.625, 0.625]
		},
		"fixed": {
			"scale": [0.5, 0.5, 0.5]
		}
	}
}