{
	"credit": "Made by TheWaschtlPlays using Blockbench",
	"textures": {
		"base": "block/brewing_stand_base",
		"particle": "block/brewing_stand",
		"stand": "block/brewing_stand"
	},
	"elements": [
		{
			"from": [7, 0, 7],
			"to": [9, 14, 9],
			"faces": {
				"north": {"uv": [7, 2, 9, 16], "texture": "#stand"},
				"east": {"uv": [7, 2, 9, 16], "texture": "#stand"},
				"south": {"uv": [7, 2, 9, 16], "texture": "#stand"},
				"west": {"uv": [7, 2, 9, 16], "texture": "#stand"},
				"up": {"uv": [7, 7, 9, 9], "texture": "#stand"},
				"down": {"uv": [7, 14, 9, 16], "texture": "#stand", "cullface": "down"}
			}
		},
		{
			"from": [9, 0, 5],
			"to": [15, 2, 11],
			"faces": {
				"north": {"uv": [9, 14, 15, 16], "texture": "#base"},
				"east": {"uv": [5, 14, 11, 16], "texture": "#base"},
				"south": {"uv": [9, 14, 15, 16], "texture": "#base"},
				"west": {"uv": [5, 14, 11, 16], "texture": "#base"},
				"up": {"uv": [9, 5, 15, 11], "texture": "#base"},
				"down": {"uv": [9, 5, 15, 11], "texture": "#base", "cullface": "down"}
			}
		},
		{
			"from": [2, 0, 1],
			"to": [8, 2, 7],
			"faces": {
				"north": {"uv": [2, 14, 8, 16], "texture": "#base"},
				"east": {"uv": [1, 14, 7, 16], "texture": "#base"},
				"south": {"uv": [2, 14, 8, 16], "texture": "#base"},
				"west": {"uv": [1, 14, 7, 16], "texture": "#base"},
				"up": {"uv": [2, 1, 8, 7], "texture": "#base"},
				"down": {"uv": [2, 1, 8, 7], "texture": "#base", "cullface": "down"}
			}
		},
		{
			"from": [2, 0, 9],
			"to": [8, 2, 15],
			"faces": {
				"north": {"uv": [2, 14, 8, 16], "texture": "#base"},
				"east": {"uv": [9, 14, 15, 16], "texture": "#base"},
				"south": {"uv": [2, 14, 8, 16], "texture": "#base"},
				"west": {"uv": [9, 14, 15, 16], "texture": "#base"},
				"up": {"uv": [2, 9, 8, 15], "texture": "#base"},
				"down": {"uv": [2, 9, 8, 15], "texture": "#base", "cullface": "down"}
			}
		},
		{
			"name": "Ring",
			"from": [6.75, 11, 6.75],
			"to": [9.25, 13, 9.25],
			"faces": {
				"north": {"uv": [7, 3, 9, 5], "texture": "#stand"},
				"east": {"uv": [7, 3, 9, 5], "texture": "#stand"},
				"south": {"uv": [7, 3, 9, 5], "texture": "#stand"},
				"west": {"uv": [7, 3, 9, 5], "texture": "#stand"},
				"up": {"uv": [7, 3, 8, 4], "texture": "#stand"},
				"down": {"uv": [8, 4, 9, 5], "texture": "#stand"}
			}
		}
	],
	"groups": [
		{
			"name": "brewing_stand",
			"origin": [8, 8, 8],
			"children": [
				{
					"name": "brewing_stand",
					"origin": [8, 8, 8],
					"children": [0, 1, 2, 3, 4]
				}
			]
		}
	]
}