{
	"credit": "Made by TheWaschtlPlays using Blockbench",
	"parent": "block/block",
	"textures": {
		"top": "block/composter_top",
		"bottom": "block/composter_bottom",
		"particle": "block/composter_side",
		"side": "block/composter_side"
	},
	"elements": [
		{
			"name": "CornerNW",
			"from": [0, 2, 0],
			"to": [1, 13, 1],
			"faces": {
				"north": {"uv": [15, 3, 16, 14], "texture": "#side", "cullface": "north"},
				"east": {"uv": [15, 3, 16, 14], "texture": "#side", "cullface": "north"},
				"south": {"uv": [0, 3, 1, 14], "texture": "#side", "cullface": "west"},
				"west": {"uv": [0, 3, 1, 14], "texture": "#side", "cullface": "west"}
			}
		},
		{
			"name": "CornerSW",
			"from": [0, 2, 15],
			"to": [1, 13, 16],
			"faces": {
				"north": {"uv": [15, 3, 16, 14], "texture": "#side", "cullface": "west"},
				"east": {"uv": [0, 3, 1, 14], "texture": "#side", "cullface": "south"},
				"south": {"uv": [0, 3, 1, 14], "texture": "#side", "cullface": "south"},
				"west": {"uv": [15, 3, 16, 14], "texture": "#side", "cullface": "west"}
			}
		},
		{
			"name": "CornerSE",
			"from": [15, 2, 15],
			"to": [16, 13, 16],
			"faces": {
				"north": {"uv": [0, 3, 1, 14], "texture": "#side", "cullface": "east"},
				"east": {"uv": [0, 3, 1, 14], "texture": "#side", "cullface": "east"},
				"south": {"uv": [15, 3, 16, 14], "texture": "#side", "cullface": "south"},
				"west": {"uv": [15, 3, 16, 14], "texture": "#side", "cullface": "south"}
			}
		},
		{
			"name": "CornerNE",
			"from": [15, 2, 0],
			"to": [16, 13, 1],
			"faces": {
				"north": {"uv": [0, 3, 1, 14], "texture": "#side", "cullface": "north"},
				"east": {"uv": [15, 3, 16, 14], "texture": "#side", "cullface": "east"},
				"south": {"uv": [15, 3, 16, 14], "texture": "#side", "cullface": "east"},
				"west": {"uv": [0, 3, 1, 14], "texture": "#side", "cullface": "north"}
			}
		},
		{
			"name": "upper",
			"from": [14, 13, 0],
			"to": [16, 16, 16],
			"faces": {
				"north": {"uv": [0, 0, 2, 3], "texture": "#side", "cullface": "north"},
				"east": {"uv": [0, 0, 16, 3], "texture": "#side", "cullface": "east"},
				"south": {"uv": [14, 0, 16, 3], "texture": "#side", "cullface": "south"},
				"west": {"uv": [0, 0, 16, 3], "texture": "#side", "cullface": "up"},
				"up": {"uv": [14, 0, 16, 16], "texture": "#top", "cullface": "up"},
				"down": {"uv": [14, 0, 16, 16], "texture": "#top", "cullface": "east"}
			}
		},
		{
			"name": "upper",
			"from": [1, 13, 0],
			"to": [15, 16, 2],
			"faces": {
				"north": {"uv": [1, 0, 15, 3], "texture": "#side", "cullface": "north"},
				"south": {"uv": [2, 0, 14, 3], "texture": "#side", "cullface": "up"},
				"up": {"uv": [1, 0, 15, 2], "texture": "#top", "cullface": "up"},
				"down": {"uv": [1, 14, 15, 16], "texture": "#top", "cullface": "north"}
			}
		},
		{
			"name": "upper",
			"from": [0, 13, 0],
			"to": [2, 16, 16],
			"faces": {
				"north": {"uv": [14, 0, 16, 3], "texture": "#side", "cullface": "north"},
				"east": {"uv": [0, 0, 16, 3], "texture": "#side", "cullface": "up"},
				"south": {"uv": [0, 0, 2, 3], "texture": "#side", "cullface": "south"},
				"west": {"uv": [0, 0, 16, 3], "texture": "#side", "cullface": "west"},
				"up": {"uv": [0, 0, 2, 16], "texture": "#top", "cullface": "up"},
				"down": {"uv": [0, 0, 2, 16], "texture": "#top", "cullface": "west"}
			}
		},
		{
			"name": "upper",
			"from": [1, 13, 14],
			"to": [15, 16, 16],
			"faces": {
				"north": {"uv": [2, 0, 14, 3], "texture": "#side", "cullface": "up"},
				"south": {"uv": [1, 0, 15, 3], "texture": "#side", "cullface": "south"},
				"up": {"uv": [1, 14, 15, 16], "texture": "#top", "cullface": "up"},
				"down": {"uv": [1, 0, 15, 2], "texture": "#top", "cullface": "south"}
			}
		},
		{
			"name": "Inner",
			"from": [1, 12, 0.25],
			"to": [15, 13, 2],
			"faces": {
				"north": {"uv": [1, 3, 15, 4], "texture": "#side", "cullface": "north"},
				"south": {"uv": [1, 3, 15, 4], "texture": "#side", "cullface": "up"},
				"down": {"uv": [1, 3, 15, 4.75], "rotation": 180, "texture": "#side", "cullface": "north"}
			}
		},
		{
			"name": "Inner",
			"from": [0.25, 12, 1],
			"to": [2, 13, 15],
			"faces": {
				"east": {"uv": [1, 3, 15, 4], "texture": "#side", "cullface": "up"},
				"west": {"uv": [1, 3, 15, 4], "texture": "#side", "cullface": "west"},
				"down": {"uv": [1, 3, 15, 4.75], "rotation": 270, "texture": "#side", "cullface": "west"}
			}
		},
		{
			"name": "Inner",
			"from": [1, 12, 14],
			"to": [15, 13, 15.75],
			"faces": {
				"north": {"uv": [1, 3, 15, 4], "texture": "#side", "cullface": "up"},
				"south": {"uv": [1, 3, 15, 4], "texture": "#side", "cullface": "south"},
				"down": {"uv": [1, 3, 15, 4.75], "texture": "#side", "cullface": "south"}
			}
		},
		{
			"name": "Inner",
			"from": [14, 12, 1],
			"to": [15.75, 13, 15],
			"faces": {
				"east": {"uv": [1, 3, 15, 4], "texture": "#side", "cullface": "east"},
				"west": {"uv": [1, 3, 15, 4], "texture": "#side", "cullface": "up"},
				"down": {"uv": [1, 3, 15, 4.75], "rotation": 90, "texture": "#side", "cullface": "east"}
			}
		},
		{
			"name": "Inner",
			"from": [1, 11, 0.5],
			"to": [15, 12, 2],
			"faces": {
				"north": {"uv": [1, 4, 15, 5], "texture": "#side", "cullface": "north"},
				"south": {"uv": [1, 4, 15, 5], "texture": "#side", "cullface": "up"}
			}
		},
		{
			"name": "Inner",
			"from": [0.5, 11, 1],
			"to": [2, 12, 15],
			"faces": {
				"east": {"uv": [1, 4, 15, 5], "texture": "#side", "cullface": "up"},
				"west": {"uv": [1, 4, 15, 5], "texture": "#side", "cullface": "west"}
			}
		},
		{
			"name": "Inner",
			"from": [1, 11, 14],
			"to": [15, 12, 15.5],
			"faces": {
				"north": {"uv": [1, 4, 15, 5], "texture": "#side", "cullface": "up"},
				"south": {"uv": [1, 4, 15, 5], "texture": "#side", "cullface": "south"}
			}
		},
		{
			"name": "Inner",
			"from": [14, 11, 1],
			"to": [15.5, 12, 15],
			"faces": {
				"east": {"uv": [1, 4, 15, 5], "texture": "#side", "cullface": "east"},
				"west": {"uv": [1, 4, 15, 5], "texture": "#side", "cullface": "up"}
			}
		},
		{
			"name": "upper",
			"from": [1, 9, 0],
			"to": [15, 11, 2],
			"rotation": {"angle": 0, "axis": "y", "origin": [8, 3, 8]},
			"faces": {
				"north": {"uv": [1, 5, 15, 7], "texture": "#side", "cullface": "north"},
				"south": {"uv": [1, 5, 15, 7], "texture": "#side", "cullface": "up"},
				"up": {"uv": [1, 0, 15, 2], "texture": "#top", "cullface": "north"},
				"down": {"uv": [1, 14, 15, 16], "texture": "#top", "cullface": "north"}
			}
		},
		{
			"name": "upper",
			"from": [1, 9, 14],
			"to": [15, 11, 16],
			"rotation": {"angle": 0, "axis": "y", "origin": [8, 3, 8]},
			"faces": {
				"north": {"uv": [1, 5, 15, 7], "texture": "#side", "cullface": "up"},
				"south": {"uv": [1, 5, 15, 7], "texture": "#side", "cullface": "south"},
				"up": {"uv": [1, 14, 15, 16], "texture": "#top", "cullface": "south"},
				"down": {"uv": [1, 0, 15, 2], "texture": "#top", "cullface": "south"}
			}
		},
		{
			"name": "upper",
			"from": [0, 9, 1],
			"to": [2, 11, 15],
			"rotation": {"angle": 0, "axis": "y", "origin": [8, 3, 8]},
			"faces": {
				"east": {"uv": [1, 5, 15, 7], "texture": "#side", "cullface": "up"},
				"west": {"uv": [1, 5, 15, 7], "texture": "#side", "cullface": "west"},
				"up": {"uv": [0, 1, 2, 15], "texture": "#top", "cullface": "west"},
				"down": {"uv": [0, 1, 2, 15], "texture": "#top", "cullface": "west"}
			}
		},
		{
			"name": "upper",
			"from": [14, 9, 1],
			"to": [16, 11, 15],
			"rotation": {"angle": 0, "axis": "y", "origin": [8, 3, 8]},
			"faces": {
				"east": {"uv": [1, 5, 15, 7], "texture": "#side", "cullface": "east"},
				"west": {"uv": [1, 5, 15, 7], "texture": "#side", "cullface": "up"},
				"up": {"uv": [14, 1, 16, 15], "texture": "#top", "cullface": "east"},
				"down": {"uv": [14, 1, 16, 15], "texture": "#top", "cullface": "east"}
			}
		},
		{
			"name": "Inner",
			"from": [1, 8, 0.25],
			"to": [15, 9, 2],
			"rotation": {"angle": 0, "axis": "y", "origin": [8, 4, 8]},
			"faces": {
				"north": {"uv": [1, 3, 15, 4], "texture": "#side", "cullface": "north"},
				"south": {"uv": [1, 3, 15, 4], "texture": "#side", "cullface": "up"},
				"down": {"uv": [1, 3, 15, 4.75], "rotation": 180, "texture": "#side", "cullface": "north"}
			}
		},
		{
			"name": "Inner",
			"from": [0.25, 8, 1],
			"to": [2, 9, 15],
			"rotation": {"angle": 0, "axis": "y", "origin": [8, 4, 8]},
			"faces": {
				"east": {"uv": [1, 3, 15, 4], "texture": "#side", "cullface": "up"},
				"west": {"uv": [1, 3, 15, 4], "texture": "#side", "cullface": "west"},
				"down": {"uv": [1, 3, 15, 4.75], "rotation": 270, "texture": "#side", "cullface": "west"}
			}
		},
		{
			"name": "Inner",
			"from": [1, 8, 14],
			"to": [15, 9, 15.75],
			"rotation": {"angle": 0, "axis": "y", "origin": [8, 4, 8]},
			"faces": {
				"north": {"uv": [1, 3, 15, 4], "texture": "#side", "cullface": "up"},
				"south": {"uv": [1, 3, 15, 4], "texture": "#side", "cullface": "south"},
				"down": {"uv": [1, 3, 15, 4.75], "texture": "#side", "cullface": "south"}
			}
		},
		{
			"name": "Inner",
			"from": [14, 8, 1],
			"to": [15.75, 9, 15],
			"rotation": {"angle": 0, "axis": "y", "origin": [8, 4, 8]},
			"faces": {
				"east": {"uv": [1, 3, 15, 4], "texture": "#side", "cullface": "east"},
				"west": {"uv": [1, 3, 15, 4], "texture": "#side", "cullface": "up"},
				"down": {"uv": [1, 3, 15, 4.75], "rotation": 90, "texture": "#side", "cullface": "east"}
			}
		},
		{
			"name": "Inner",
			"from": [1, 7, 0.5],
			"to": [15, 8, 2],
			"rotation": {"angle": 0, "axis": "y", "origin": [8, 4, 8]},
			"faces": {
				"north": {"uv": [1, 4, 15, 5], "texture": "#side", "cullface": "north"},
				"south": {"uv": [1, 4, 15, 5], "texture": "#side", "cullface": "up"}
			}
		},
		{
			"name": "Inner",
			"from": [0.5, 7, 1],
			"to": [2, 8, 15],
			"rotation": {"angle": 0, "axis": "y", "origin": [8, 4, 8]},
			"faces": {
				"east": {"uv": [1, 4, 15, 5], "texture": "#side", "cullface": "up"},
				"west": {"uv": [1, 4, 15, 5], "texture": "#side", "cullface": "west"}
			}
		},
		{
			"name": "Inner",
			"from": [1, 7, 14],
			"to": [15, 8, 15.5],
			"rotation": {"angle": 0, "axis": "y", "origin": [8, 4, 8]},
			"faces": {
				"north": {"uv": [1, 4, 15, 5], "texture": "#side", "cullface": "up"},
				"south": {"uv": [1, 4, 15, 5], "texture": "#side", "cullface": "south"}
			}
		},
		{
			"name": "Inner",
			"from": [14, 7, 1],
			"to": [15.5, 8, 15],
			"rotation": {"angle": 0, "axis": "y", "origin": [8, 4, 8]},
			"faces": {
				"east": {"uv": [1, 4, 15, 5], "texture": "#side", "cullface": "east"},
				"west": {"uv": [1, 4, 15, 5], "texture": "#side", "cullface": "up"}
			}
		},
		{
			"name": "upper",
			"from": [1, 5, 0],
			"to": [15, 7, 2],
			"rotation": {"angle": 0, "axis": "y", "origin": [8, -1, 8]},
			"faces": {
				"north": {"uv": [1, 9, 15, 11], "texture": "#side", "cullface": "north"},
				"south": {"uv": [1, 9, 15, 11], "texture": "#side", "cullface": "up"},
				"up": {"uv": [1, 0, 15, 2], "texture": "#top", "cullface": "north"},
				"down": {"uv": [1, 14, 15, 16], "texture": "#top", "cullface": "north"}
			}
		},
		{
			"name": "upper",
			"from": [1, 5, 14],
			"to": [15, 7, 16],
			"rotation": {"angle": 0, "axis": "y", "origin": [8, -1, 8]},
			"faces": {
				"north": {"uv": [1, 9, 15, 11], "texture": "#side", "cullface": "up"},
				"south": {"uv": [1, 9, 15, 11], "texture": "#side", "cullface": "south"},
				"up": {"uv": [1, 14, 15, 16], "texture": "#top", "cullface": "south"},
				"down": {"uv": [1, 0, 15, 2], "texture": "#top", "cullface": "south"}
			}
		},
		{
			"name": "upper",
			"from": [0, 5, 1],
			"to": [2, 7, 15],
			"rotation": {"angle": 0, "axis": "y", "origin": [8, -1, 8]},
			"faces": {
				"east": {"uv": [1, 9, 15, 11], "texture": "#side", "cullface": "up"},
				"west": {"uv": [1, 9, 15, 11], "texture": "#side", "cullface": "west"},
				"up": {"uv": [0, 1, 2, 15], "texture": "#top", "cullface": "west"},
				"down": {"uv": [0, 1, 2, 15], "texture": "#top", "cullface": "west"}
			}
		},
		{
			"name": "upper",
			"from": [14, 5, 1],
			"to": [16, 7, 15],
			"rotation": {"angle": 0, "axis": "y", "origin": [8, -1, 8]},
			"faces": {
				"east": {"uv": [1, 9, 15, 11], "texture": "#side", "cullface": "east"},
				"west": {"uv": [1, 9, 15, 11], "texture": "#side", "cullface": "up"},
				"up": {"uv": [14, 1, 16, 15], "texture": "#top", "cullface": "east"},
				"down": {"uv": [14, 1, 16, 15], "texture": "#top", "cullface": "east"}
			}
		},
		{
			"name": "Inner",
			"from": [1, 4, 0.25],
			"to": [15, 5, 2],
			"rotation": {"angle": 0, "axis": "y", "origin": [8, 0, 8]},
			"faces": {
				"north": {"uv": [1, 3, 15, 4], "texture": "#side", "cullface": "north"},
				"south": {"uv": [1, 3, 15, 4], "texture": "#side", "cullface": "up"},
				"down": {"uv": [1, 3, 15, 4.75], "rotation": 180, "texture": "#side", "cullface": "north"}
			}
		},
		{
			"name": "Inner",
			"from": [0.25, 4, 1],
			"to": [2, 5, 15],
			"rotation": {"angle": 0, "axis": "y", "origin": [8, 0, 8]},
			"faces": {
				"east": {"uv": [1, 3, 15, 4], "texture": "#side", "cullface": "up"},
				"west": {"uv": [1, 3, 15, 4], "texture": "#side", "cullface": "west"},
				"down": {"uv": [1, 3, 15, 4.75], "rotation": 270, "texture": "#side", "cullface": "west"}
			}
		},
		{
			"name": "Inner",
			"from": [1, 4, 14],
			"to": [15, 5, 15.75],
			"rotation": {"angle": 0, "axis": "y", "origin": [8, 0, 8]},
			"faces": {
				"north": {"uv": [1, 3, 15, 4], "texture": "#side", "cullface": "up"},
				"south": {"uv": [1, 3, 15, 4], "texture": "#side", "cullface": "south"},
				"down": {"uv": [1, 3, 15, 4.75], "texture": "#side", "cullface": "south"}
			}
		},
		{
			"name": "Inner",
			"from": [14, 4, 1],
			"to": [15.75, 5, 15],
			"rotation": {"angle": 0, "axis": "y", "origin": [8, 0, 8]},
			"faces": {
				"east": {"uv": [1, 3, 15, 4], "texture": "#side", "cullface": "east"},
				"west": {"uv": [1, 3, 15, 4], "texture": "#side", "cullface": "up"},
				"down": {"uv": [1, 3, 15, 4.75], "rotation": 90, "texture": "#side", "cullface": "east"}
			}
		},
		{
			"name": "Inner",
			"from": [1, 3, 0.5],
			"to": [15, 4, 2],
			"rotation": {"angle": 0, "axis": "y", "origin": [8, 0, 8]},
			"faces": {
				"north": {"uv": [1, 4, 15, 5], "texture": "#side", "cullface": "north"},
				"south": {"uv": [1, 4, 15, 5], "texture": "#side", "cullface": "up"}
			}
		},
		{
			"name": "Inner",
			"from": [0.5, 3, 1],
			"to": [2, 4, 15],
			"rotation": {"angle": 0, "axis": "y", "origin": [8, 0, 8]},
			"faces": {
				"east": {"uv": [1, 4, 15, 5], "texture": "#side", "cullface": "up"},
				"west": {"uv": [1, 4, 15, 5], "texture": "#side", "cullface": "west"}
			}
		},
		{
			"name": "Inner",
			"from": [1, 3, 14],
			"to": [15, 4, 15.5],
			"rotation": {"angle": 0, "axis": "y", "origin": [8, 0, 8]},
			"faces": {
				"north": {"uv": [1, 4, 15, 5], "texture": "#side", "cullface": "up"},
				"south": {"uv": [1, 4, 15, 5], "texture": "#side", "cullface": "south"}
			}
		},
		{
			"name": "Inner",
			"from": [14, 3, 1],
			"to": [15.5, 4, 15],
			"rotation": {"angle": 0, "axis": "y", "origin": [8, 0, 8]},
			"faces": {
				"east": {"uv": [1, 4, 15, 5], "texture": "#side", "cullface": "east"},
				"west": {"uv": [1, 4, 15, 5], "texture": "#side", "cullface": "up"}
			}
		},
		{
			"name": "upper",
			"from": [1, 2, 0],
			"to": [15, 3, 2],
			"rotation": {"angle": 0, "axis": "y", "origin": [8, -5, 8]},
			"faces": {
				"north": {"uv": [1, 13, 15, 14], "texture": "#side", "cullface": "north"},
				"south": {"uv": [1, 13, 15, 14], "texture": "#side", "cullface": "up"},
				"up": {"uv": [1, 0, 15, 2], "texture": "#top", "cullface": "north"}
			}
		},
		{
			"name": "upper",
			"from": [1, 2, 14],
			"to": [15, 3, 16],
			"rotation": {"angle": 0, "axis": "y", "origin": [8, -5, 8]},
			"faces": {
				"north": {"uv": [1, 13, 15, 14], "texture": "#side", "cullface": "up"},
				"south": {"uv": [1, 13, 15, 14], "texture": "#side", "cullface": "south"},
				"up": {"uv": [1, 14, 15, 16], "texture": "#top", "cullface": "south"}
			}
		},
		{
			"name": "upper",
			"from": [0, 2, 1],
			"to": [2, 3, 15],
			"rotation": {"angle": 0, "axis": "y", "origin": [8, -5, 8]},
			"faces": {
				"east": {"uv": [1, 13, 15, 14], "texture": "#side", "cullface": "up"},
				"west": {"uv": [1, 13, 15, 14], "texture": "#side", "cullface": "west"},
				"up": {"uv": [0, 1, 2, 15], "texture": "#top", "cullface": "west"}
			}
		},
		{
			"name": "upper",
			"from": [14, 2, 1],
			"to": [16, 3, 15],
			"rotation": {"angle": 0, "axis": "y", "origin": [8, -5, 8]},
			"faces": {
				"east": {"uv": [1, 13, 15, 14], "texture": "#side", "cullface": "east"},
				"west": {"uv": [1, 13, 15, 14], "texture": "#side", "cullface": "up"},
				"up": {"uv": [14, 1, 16, 15], "texture": "#top", "cullface": "east"}
			}
		},
		{
			"name": "bottom",
			"from": [0, 0, 0],
			"to": [16, 2, 16],
			"faces": {
				"north": {"uv": [0, 14, 16, 16], "texture": "#side", "cullface": "north"},
				"east": {"uv": [0, 14, 16, 16], "texture": "#side", "cullface": "east"},
				"south": {"uv": [0, 14, 16, 16], "texture": "#side", "cullface": "south"},
				"west": {"uv": [0, 14, 16, 16], "texture": "#side", "cullface": "west"},
				"up": {"uv": [0, 0, 16, 16], "texture": "#bottom", "cullface": "up"},
				"down": {"uv": [0, 0, 16, 16], "texture": "#bottom", "cullface": "down"}
			}
		}
	],
	"groups": [
		{
			"name": "Corner",
			"origin": [8, 8, 8],
			"color": 0,
			"children": [0, 1, 2, 3]
		},
		{
			"name": "Ring1",
			"origin": [8, 8, 8],
			"color": 0,
			"children": [4, 5, 6, 7, 8, 9, 10, 11, 12, 13, 14, 15]
		},
		{
			"name": "Ring2",
			"origin": [8, 3, 8],
			"color": 0,
			"children": [16, 17, 18, 19, 20, 21, 22, 23, 24, 25, 26, 27]
		},
		{
			"name": "Ring3",
			"origin": [8, 3, 8],
			"color": 0,
			"children": [28, 29, 30, 31, 32, 33, 34, 35, 36, 37, 38, 39]
		},
		{
			"name": "Ring4",
			"origin": [8, 3, 8],
			"color": 0,
			"children": [40, 41, 42, 43]
		},
		44
	]
}