{
	"credit": "Made by playtrix using Blockbench",
	"ambientocclusion": false,
	"textures": {
		"0": "#crop",
		"particle": "#crop"
	},
	"elements": [
		{
			"from": [3, -1, 5],
			"to": [3, 15, 21],
			"rotation": {"angle": 45, "axis": "y", "origin": [3, 8, 13]},
			"shade": false,
			"faces": {
				"east": {"uv": [16, 0, 0, 16], "texture": "#0"},
				"west": {"uv": [0, 0, 16, 16], "texture": "#0"}
			}
		},
		{
			"from": [-5, -1, 13],
			"to": [11, 15, 13],
			"rotation": {"angle": 45, "axis": "y", "origin": [3, 8, 13]},
			"shade": false,
			"faces": {
				"north": {"uv": [16, 0, 0, 16], "texture": "#0"},
				"south": {"uv": [0, 0, 16, 16], "texture": "#0"}
			}
		}
	]
}